category,inceptionv3,mobilenetv3,resnet50,vgg19
Blouses_Shirts,0.796,0.7479999999999998,0.7460000000000001,0.816
Cardigans,0.248,0.36400000000000005,0.314,0.386
Denim,0.276,0.3500000000000001,0.37400000000000005,0.336
Dresses,0.932,0.9520000000000001,0.9740000000000001,0.9700000000000002
Graphic_Tees,0.48400000000000004,0.512,0.512,0.53
Jackets_Coats,0.7140000000000001,0.6619999999999999,0.6900000000000002,0.6960000000000001
Jackets_Vests,0.556,0.52,0.616,0.634
Leggings,0.222,0.26400000000000007,0.23600000000000002,0.402
Pants,0.804,0.7679999999999998,0.7859999999999999,0.812
Rompers_Jumpsuits,0.5820000000000001,0.45400000000000007,0.648,0.718
Shirts_Polos,0.42399999999999993,0.44,0.44400000000000006,0.5619999999999999
Shorts,0.8380000000000001,0.782,0.8180000000000001,0.8859999999999999
Skirts,0.622,0.498,0.6259999999999999,0.632
Sweaters,0.546,0.376,0.5299999999999999,0.4960000000000001
Sweatshirts_Hoodies,0.496,0.516,0.552,0.452
Tees_Tanks,0.654,0.638,0.694,0.6579999999999999
