category,recall,hits,total
Skirts,0.6954397394136808,427,614
Shirts_Polos,0.6330275229357798,138,218
Leggings,0.6323529411764706,43,68
Jackets_Vests,0.6222222222222222,56,90
Pants,0.6,489,815
Rompers_Jumpsuits,0.5576131687242798,271,486
Dresses,0.554445028932141,1054,1901
Sweatshirts_Hoodies,0.5419501133786848,239,441
Shorts,0.5356285028022418,669,1249
Tees_Tanks,0.5127732420331841,1947,3797
Suiting,0.5,7,14
Cardigans,0.49246231155778897,196,398
Denim,0.450261780104712,86,191
Sweaters,0.44313304721030045,413,932
Blouses_Shirts,0.43314231136580705,907,2094
Jackets_Coats,0.3944954128440367,215,545
Graphic_Tees,0.2136986301369863,78,365
