run_name,optimizer,weight_decay,batch_size,phase2_lr,unfreeze_blocks,p1_val_acc,p1_stopped_epoch,p2_val_acc,p2_best_epoch,p2_stopped_epoch,HitRate@1,HitRate@5,HitRate@10,HitRate@20,mAP,time_min,model
resnet50_adam_bs24_lr5e-06_uf30,adam,0.0,24,5e-06,30,0.6382,5,0.7182,10,10,0.2962,0.4855,0.5664,0.6433,0.1722,23.7,
resnet50_adam_bs24_lr5e-06_uf50,adam,0.0,24,5e-06,50,0.6338,5,0.7226,10,10,0.3164,0.5028,0.5847,0.6642,0.1844,24.4,
resnet50_adam_bs24_lr1e-05_uf30,adam,0.0,24,1e-05,30,0.6266,5,0.7317,9,10,0.3102,0.5075,0.5859,0.6667,0.1838,23.2,
resnet50_adam_bs24_lr1e-05_uf50,adam,0.0,24,1e-05,50,0.6313,5,0.7385,7,10,0.3193,0.5167,0.596,0.6722,0.1921,26.4,
resnet50_adam_bs32_lr5e-06_uf30,adam,0.0,32,5e-06,30,0.6143,5,0.7168,10,10,0.2947,0.475,0.5544,0.6299,0.1655,23.0,
resnet50_adam_bs32_lr5e-06_uf50,adam,0.0,32,5e-06,50,0.6139,5,0.7273,10,10,0.3033,0.4902,0.5686,0.6459,0.1737,24.0,
resnet50_adam_bs32_lr1e-05_uf30,adam,0.0,32,1e-05,30,0.627,5,0.7311,9,10,0.299,0.4852,0.5672,0.6461,0.173,22.8,
resnet50_adam_bs32_lr1e-05_uf50,adam,0.0,32,1e-05,50,0.617,5,0.7495,10,10,0.3211,0.5098,0.5918,0.6694,0.1887,23.9,
resnet50_adamw_bs24_lr5e-06_uf30,adamw,0.0001,24,5e-06,30,0.6384,5,0.7193,10,10,0.291,0.474,0.5533,0.6365,0.1666,23.8,
resnet50_adamw_bs24_lr5e-06_uf50,adamw,0.0001,24,5e-06,50,0.6305,5,0.7222,10,10,0.3124,0.4974,0.5755,0.6573,0.1814,25.3,
resnet50_adamw_bs24_lr1e-05_uf30,adamw,0.0001,24,1e-05,30,0.6228,5,0.7334,9,10,0.2992,0.4905,0.5698,0.6488,0.1743,23.8,
resnet50_adamw_bs24_lr1e-05_uf50,adamw,0.0001,24,1e-05,50,0.6369,5,0.7427,8,10,0.3212,0.5151,0.5971,0.6771,0.1925,25.6,
resnet50_adamw_bs32_lr5e-06_uf30,adamw,0.0001,32,5e-06,30,0.6322,5,0.7089,10,10,0.2912,0.4728,0.5528,0.6315,0.1656,24.4,
resnet50_adamw_bs32_lr5e-06_uf50,adamw,0.0001,32,5e-06,50,0.6087,5,0.7244,9,10,0.3178,0.5044,0.5852,0.6599,0.1842,24.3,
resnet50_adamw_bs32_lr1e-05_uf30,adamw,0.0001,32,1e-05,30,0.6166,5,0.73,9,10,0.3009,0.4884,0.5717,0.6536,0.1756,23.1,
resnet50_adamw_bs32_lr1e-05_uf50,adamw,0.0001,32,1e-05,50,0.6266,5,0.7427,8,10,0.3177,0.5093,0.5868,0.6675,0.1884,24.3,
vgg19_adam_bs24_lr1e-05_uf50,adam,0.0,24,1e-05,50,0.5553,5,0.7282,4,8,0.2641,0.4325,0.5078,0.5881,0.1429,47.5,vgg19
inceptionv3_adam_bs24_lr1e-05_uf50,adam,0.0,24,1e-05,50,0.5955,5,0.7054,10,10,0.2307,0.4077,0.4918,0.5779,0.1329,25.5,inceptionv3
mobilenetv3_adam_bs24_lr1e-05_uf50,adam,0.0,24,1e-05,50,0.6301,5,0.6851,10,10,0.3467,0.544,0.6176,0.6908,0.205,20.4,mobilenetv3
